trade_id,symbol,side,entry_ts_utc,exit_ts_utc,entry_price,exit_price,stop_price,target_price,qty,hold_bars,exit_reason,gross_pnl,realized_pnl,fees,slippage_cost,funding,mae,mfe,return_units,entry_bar_exit,ambiguous_intrabar,tag
1,ETHUSDT,long,2020-01-11T00:00:00+00:00,2020-01-14T00:00:00+00:00,144.88,163.99,135.21,163.99,0.04,3,target,0.7644000000000005,0.7576048600000005,0.006795140000000001,0.0031999999999993635,0.0,-0.1267999999999995,1.0448000000000002,0.13072971769740482,False,False,tsm_pressure_zone
2,ETHUSDT,long,2020-01-18T00:00:00+00:00,2020-01-24T00:00:00+00:00,170.15,158.41,158.41,193.35,0.03,6,stop,-0.35220000000000024,-0.35762124000000023,0.005421240000000001,0.002700000000000102,0.0,-0.4329000000000002,0.28259999999999963,-0.07005999412283284,False,False,tsm_pressure_zone
3,ETHUSDT,long,2020-01-27T00:00:00+00:00,2020-02-02T00:00:00+00:00,168.07,192.29,155.7,192.29,0.03,6,target,0.7265999999999999,0.7206540599999999,0.00594594,0.002700000000000102,0.0,-0.08369999999999976,0.7688999999999998,0.1429273635985006,False,False,tsm_pressure_zone
4,ETHUSDT,long,2020-02-03T00:00:00+00:00,2020-02-06T00:00:00+00:00,188.74,214.81,175.48,214.81,0.03,3,target,0.7820999999999998,0.7754414249999998,0.006658575000000001,0.003000000000000682,0.0,-0.12090000000000004,0.8387999999999993,0.13695055367171766,False,False,tsm_pressure_zone
5,ETHUSDT,long,2020-02-19T00:00:00+00:00,2020-02-26T00:00:00+00:00,283.11,237.84,237.84,373.21,0.02,7,stop,-0.9054000000000002,-0.9111304500000003,0.005730450000000001,0.0030000000000006822,0.0,-1.3472000000000004,0.0717999999999995,-0.1609145650100668,False,False,tsm_pressure_zone
6,ETHUSDT,long,2020-03-02T00:00:00+00:00,2020-03-02T00:00:00+00:00,218.12,229.41,212.31,229.41,0.03,0,target_entry_bar,0.3386999999999997,0.3313157549999997,0.007384245,0.003300000000000409,0.0,-0.05639999999999986,0.49139999999999984,0.05063203053365116,True,False,tsm_pressure_zone
7,ETHUSDT,short,2020-03-12T00:00:00+00:00,2020-03-12T00:00:00+00:00,194.67,167.09,208.67,167.09,0.03,0,target_entry_bar,0.8273999999999995,0.8214309599999995,0.00596904,0.003000000000000682,0.0,-0.034200000000000445,2.9900999999999995,0.1406535778496943,True,False,tsm_pressure_zone
8,ETHUSDT,short,2020-03-22T00:00:00+00:00,2020-04-06T00:00:00+00:00,132.57,152.7,152.7,92.62,0.04,15,stop,-0.8051999999999998,-0.8114759399999998,0.00627594,0.002799999999999727,0.0,-1.5768000000000006,0.5427999999999997,-0.15302782303688614,False,False,tsm_pressure_zone
9,ETHUSDT,short,2020-04-14T00:00:00+00:00,2020-04-16T00:00:00+00:00,156.3,164.92,164.92,139.28,0.04,2,stop,-0.34479999999999905,-0.35186683999999907,0.0070668400000000004,0.0031999999999993635,0.0,-0.744799999999999,0.3292000000000007,-0.056280684580933944,False,False,tsm_pressure_zone
10,ETHUSDT,long,2020-04-23T00:00:00+00:00,2020-04-29T00:00:00+00:00,182.73,214.72,166.58,214.72,0.03,6,target,0.9597000000000002,0.9531420750000003,0.006557925,0.002999999999999829,0.0,-0.1418999999999997,1.1031000000000002,0.17387075192907575,False,False,tsm_pressure_zone
11,ETHUSDT,long,2020-04-30T00:00:00+00:00,2020-05-10T00:00:00+00:00,215.61,189.49,189.49,267.52,0.03,10,stop,-0.7836000000000001,-0.7902841500000001,0.006684150000000001,0.003300000000000409,0.0,-1.1316000000000008,0.3566999999999996,-0.12217802977598442,False,False,tsm_pressure_zone
12,ETHUSDT,long,2020-05-13T00:00:00+00:00,2020-05-28T00:00:00+00:00,189.74,217.96,175.48,217.96,0.03,15,target,0.8465999999999999,0.83987295,0.00672705,0.003000000000000682,0.0,-0.06300000000000068,0.9314999999999994,0.14754803942236744,False,False,tsm_pressure_zone
13,ETHUSDT,long,2020-06-07T00:00:00+00:00,2020-06-07T00:00:00+00:00,242.19,235.73,235.73,254.7,0.03,0,stop_entry_bar,-0.19380000000000022,-0.20168568000000023,0.00788568,0.0038999999999998636,0.0,-0.22650000000000034,0.10260000000000047,-0.02775860274990713,True,False,tsm_pressure_zone
14,ETHUSDT,long,2020-06-11T00:00:00+00:00,2020-06-11T00:00:00+00:00,248.08,237.28,237.28,269.3,0.03,0,stop_entry_bar,-0.32400000000000034,-0.33200844000000035,0.00800844,0.0039000000000007163,0.0,-0.6825,0.06779999999999972,-0.0446103998710094,True,False,tsm_pressure_zone
15,ETHUSDT,long,2020-06-17T00:00:00+00:00,2020-06-27T00:00:00+00:00,235.34,218.0,218.0,269.66,0.03,10,stop,-0.5202000000000001,-0.5276801100000001,0.007480110000000001,0.003600000000000136,0.0,-0.6525,0.42209999999999975,-0.07474010792895387,False,False,tsm_pressure_zone
16,ETHUSDT,long,2020-07-02T00:00:00+00:00,2020-07-22T00:00:00+00:00,231.14,245.56,221.09,250.91,0.03,20,max_hold,0.4326000000000005,0.4247344500000005,0.007865549999999999,0.0035999999999992835,0.0,-0.25139999999999985,1.1898000000000006,0.06125211992731685,False,False,tsm_pressure_zone
17,ETHUSDT,long,2020-07-31T00:00:00+00:00,2020-08-01T00:00:00+00:00,335.48,393.92,305.99,393.92,0.02,1,target,1.1688,1.1607766000000002,0.0080234,0.0034000000000003186,0.0,-0.12960000000000035,1.1864,0.17300235483486348,False,False,tsm_pressure_zone
18,ETHUSDT,long,2020-08-14T00:00:00+00:00,2020-09-03T00:00:00+00:00,425.49,439.74,366.01,543.99,0.02,20,max_hold,0.28500000000000003,0.27548247000000003,0.00951753,0.004400000000000546,0.0,-1.1070000000000004,1.2765999999999997,0.032372378904322076,False,False,tsm_pressure_zone
19,ETHUSDT,short,2020-09-09T00:00:00+00:00,2020-09-10T00:00:00+00:00,337.21,360.04,360.04,291.89,0.02,1,stop,-0.45660000000000084,-0.4642697500000008,0.007669750000000001,0.0034000000000003186,0.0,-0.7958000000000004,0.1325999999999999,-0.06883985498650705,False,False,tsm_pressure_zone
20,ETHUSDT,long,2020-09-15T00:00:00+00:00,2020-09-21T00:00:00+00:00,377.32,353.08,353.08,425.22,0.02,6,stop,-0.4848000000000002,-0.4928344000000002,0.0080344,0.0037999999999999545,0.0,-0.9331999999999994,0.335,-0.06530721933637233,False,False,tsm_pressure_zone
21,ETHUSDT,short,2020-10-02T00:00:00+00:00,2020-10-10T00:00:00+00:00,352.36,370.48,370.48,316.64,0.02,8,stop,-0.3624000000000001,-0.37035124000000014,0.007951240000000002,0.0036000000000001365,0.0,-0.5267999999999995,0.4027999999999997,-0.0525529628788739,False,False,tsm_pressure_zone
22,ETHUSDT,long,2020-11-01T00:00:00+00:00,2020-11-03T00:00:00+00:00,386.48,372.99,372.99,412.88,0.02,2,stop,-0.2698000000000002,-0.2781541700000002,0.008354170000000001,0.00400000000000091,0.0,-0.3296000000000004,0.3703999999999996,-0.03598558398882221,False,False,tsm_pressure_zone
23,ETHUSDT,long,2020-11-05T00:00:00+00:00,2020-11-07T00:00:00+00:00,403.16,468.83,369.96,468.83,0.02,2,target,1.3133999999999992,1.3038081099999992,0.00959189,0.0042000000000007275,0.0,-0.14540000000000078,1.3315999999999997,0.16169859485067953,False,False,tsm_pressure_zone
24,ETHUSDT,long,2020-11-21T00:00:00+00:00,2020-11-24T00:00:00+00:00,510.69,621.2,454.95,621.2,0.01,3,target,1.1051000000000004,1.0988746050000004,0.006225395000000001,0.0025999999999999092,0.0,-0.07889999999999986,1.1395999999999997,0.21517449039534753,False,False,tsm_pressure_zone
25,ETHUSDT,long,2020-11-29T00:00:00+00:00,2020-12-17T00:00:00+00:00,537.64,652.24,480.07,652.24,0.01,18,target,1.1460000000000004,1.1394556600000003,0.006544340000000001,0.002699999999999818,0.0,-0.07139999999999987,1.4056000000000006,0.2119365486198944,False,False,tsm_pressure_zone
26,ETHUSDT,long,2021-01-03T00:00:00+00:00,2021-01-03T00:00:00+00:00,775.43,896.1,714.48,896.1,0.01,0,target_entry_bar,1.2067000000000008,1.1975065850000008,0.009193415,0.0038999999999998636,0.0,-0.062399999999998956,2.4708000000000006,0.15443129424964225,True,False,tsm_pressure_zone
27,ETHUSDT,long,2021-01-10T00:00:00+00:00,2021-01-11T00:00:00+00:00,1280.6,1064.49,1064.49,1710.89,0.01,1,stop,-2.161099999999999,-2.173997994999999,0.012897994999999999,0.006399999999998727,0.0,-3.6539999999999986,0.7406000000000017,-0.16976401647665149,False,False,tsm_pressure_zone
28,ETHUSDT,long,2021-01-14T00:00:00+00:00,2021-02-03T00:00:00+00:00,1130.97,1516.2,915.11,1560.98,0.01,20,max_hold,3.8523,3.8377405650000003,0.014559435000000003,0.0056999999999993636,0.0,-0.8983999999999992,5.4178999999999995,0.33933177405236215,False,False,tsm_pressure_zone
29,ETHUSDT,long,2021-02-12T00:00:00+00:00,2021-02-15T00:00:00+00:00,1790.22,1679.83,1679.83,2008.3,0.01,3,stop,-1.103900000000001,-1.122985275000001,0.019085275000000002,0.00900000000000091,0.0,-1.3822000000000003,0.8866000000000008,-0.06272889784495765,False,False,tsm_pressure_zone
30,ETHUSDT,long,2021-02-18T00:00:00+00:00,2021-02-22T00:00:00+00:00,1850.8,1651.83,1651.83,2245.91,0.01,4,stop,-1.9897000000000002,-2.008964465,0.019264465,0.009300000000000638,0.0,-2.9859999999999993,1.9720000000000004,-0.10854573508752972,False,False,tsm_pressure_zone
31,ETHUSDT,long,2021-02-25T00:00:00+00:00,2021-02-28T00:00:00+00:00,1624.76,1348.04,1348.04,2175.87,0.01,3,stop,-2.7672000000000003,-2.7835504,0.0163504,0.008199999999999364,0.0,-3.3196000000000003,0.47730000000000017,-0.17132071198207738,False,False,tsm_pressure_zone
32,ETHUSDT,long,2021-03-07T00:00:00+00:00,2021-03-27T00:00:00+00:00,1652.73,1699.21,1441.43,2072.34,0.01,20,max_hold,0.4648000000000002,0.4463643300000002,0.01843567,0.008299999999999273,0.0,-1.1251,2.9602,0.02700769817211524,False,False,tsm_pressure_zone
33,ETHUSDT,long,2021-03-30T00:00:00+00:00,2021-04-02T00:00:00+00:00,1819.34,2130.57,1662.37,2130.57,0.01,3,target,3.1123000000000025,3.0905754950000026,0.021724505,0.009099999999998545,0.0,-0.4749000000000001,3.306600000000001,0.16987344284190983,False,False,tsm_pressure_zone
34,ETHUSDT,long,2021-04-06T00:00:00+00:00,2021-04-07T00:00:00+00:00,2111.45,1979.8,1979.8,2371.45,0.01,1,stop,-1.3164999999999987,-1.3390018749999986,0.022501875,0.010599999999999455,0.0,-1.8134999999999992,0.49570000000000164,-0.06341622463236159,False,False,tsm_pressure_zone
35,ETHUSDT,long,2021-04-21T00:00:00+00:00,2021-05-03T00:00:00+00:00,2331.24,3190.26,1899.81,3190.26,0.01,12,target,8.590200000000005,8.559831750000004,0.03036825,0.01169999999999618,0.0,-2.212399999999998,11.285600000000004,0.36717934446903816,False,False,tsm_pressure_zone
36,ETHUSDT,long,2021-05-09T00:00:00+00:00,2021-05-16T00:00:00+00:00,3916.91,3354.66,3354.66,5034.08,0.01,7,stop,-5.6225000000000005,-5.662493635000001,0.039993635,0.019600000000000364,0.0,-5.689099999999999,4.6227000000000045,-0.14456532406922806,False,False,tsm_pressure_zone
37,ETHUSDT,short,2021-06-08T00:00:00+00:00,2021-06-20T00:00:00+00:00,2591.21,2079.01,2849.93,2079.01,0.01,12,target,5.121999999999998,5.096313789999998,0.025686210000000004,0.013000000000001819,0.0,-0.48779999999999746,5.5226999999999995,0.19667698835679076,False,False,tsm_pressure_zone
38,ETHUSDT,short,2021-06-22T00:00:00+00:00,2021-06-30T00:00:00+00:00,1883.8,2280.23,2280.23,1093.85,0.01,8,stop,-3.9643000000000006,-3.9872021650000007,0.022902165000000002,0.009500000000000454,0.0,-4.062,1.8515999999999986,-0.21165740338677144,False,False,tsm_pressure_zone
39,ETHUSDT,short,2021-07-08T00:00:00+00:00,2021-07-08T00:00:00+00:00,2313.48,2123.47,2410.24,2123.47,0.01,0,target_entry_bar,1.9001000000000021,1.8756967750000022,0.024403225,0.011599999999998546,0.0,-0.1309999999999991,2.3140999999999985,0.08107685283641967,True,False,tsm_pressure_zone
40,ETHUSDT,short,2021-07-13T00:00:00+00:00,2021-07-24T00:00:00+00:00,2029.76,2195.22,2195.22,1702.11,0.01,11,stop,-1.654599999999998,-1.677837389999998,0.02323739,0.010199999999999819,0.0,-1.6824000000000001,3.1476,-0.08266186100819792,False,False,tsm_pressure_zone
41,ETHUSDT,long,2021-07-28T00:00:00+00:00,2021-08-01T00:00:00+00:00,2299.2,2682.3,2105.91,2682.3,0.01,4,target,3.8310000000000035,3.8036017500000034,0.027398250000000002,0.011499999999996362,0.0,-0.5700000000000001,3.998000000000002,0.16543153053235926,False,False,tsm_pressure_zone
42,ETHUSDT,long,2021-08-05T00:00:00+00:00,2021-08-13T00:00:00+00:00,2726.37,3293.49,2440.76,3293.49,0.01,8,target,5.671199999999999,5.638090769999999,0.03310923,0.01369999999999891,0.0,-1.993699999999999,6.065100000000002,0.2067984451853563,False,False,tsm_pressure_zone
43,ETHUSDT,long,2021-08-20T00:00:00+00:00,2021-09-01T00:00:00+00:00,3188.36,3660.989999999999,2949.71,3660.99,0.01,12,target,4.726299999999997,4.6886285749999965,0.037671425,0.01599999999999909,0.0,-1.3636000000000013,6.606399999999999,0.1470545539085924,False,False,tsm_pressure_zone
44,ETHUSDT,long,2021-10-06T00:00:00+00:00,2021-10-20T00:00:00+00:00,3519.4,4015.95,3268.48,4015.95,0.01,14,target,4.965499999999998,4.924055574999998,0.04144442500000001,0.017600000000002183,0.0,-1.7973000000000001,6.5409999999999995,0.1399117910723418,False,False,tsm_pressure_zone
45,ETHUSDT,long,2021-11-02T00:00:00+00:00,2021-11-08T00:00:00+00:00,4324.89,4678.99,4144.59,4678.99,0.01,6,target,3.5409999999999946,3.4914786599999945,0.049521340000000004,0.02170000000000073,0.0,-0.38220000000000254,5.057699999999995,0.08072988353461,False,False,tsm_pressure_zone
46,ETHUSDT,long,2021-11-29T00:00:00+00:00,2021-12-04T00:00:00+00:00,4299.16,3910.610000000001,3910.61,5068.58,0.01,5,stop,-3.8854999999999973,-3.9306537349999973,0.045153735,0.021499999999996362,0.0,-9.110099999999997,4.840299999999997,-0.09142841241079647,False,False,tsm_pressure_zone
47,ETHUSDT,long,2021-12-07T00:00:00+00:00,2021-12-27T00:00:00+00:00,4347.62,4062.4,3387.81,6259.98,0.01,20,max_hold,-2.852199999999998,-2.8984551099999982,0.04625511,0.02180000000000291,0.0,-7.0823,1.4335000000000038,-0.06666762757554705,False,False,tsm_pressure_zone
48,ETHUSDT,short,2021-12-28T00:00:00+00:00,2021-12-28T00:00:00+00:00,4035.33,3834.31,4138.88,3834.31,0.01,0,target_entry_bar,2.0101999999999998,1.9669169799999997,0.043283020000000005,0.02019999999999982,0.0,-0.020300000000002,2.790699999999997,0.0487424071885075,True,False,tsm_pressure_zone
49,ETHUSDT,short,2022-01-06T00:00:00+00:00,2022-01-21T00:00:00+00:00,3536.04,2825.97,3893.58,2825.97,0.01,15,target,7.100700000000002,7.065708945000002,0.034991055,0.01769999999999982,0.0,-0.13070000000000165,10.7604,0.19981982514338079,False,False,tsm_pressure_zone
50,ETHUSDT,short,2022-01-28T00:00:00+00:00,2022-02-01T00:00:00+00:00,2421.39,2720.33,2720.33,1827.17,0.01,4,stop,-2.9894000000000007,-3.0176794600000005,0.02827946,0.012200000000002547,0.0,-3.915500000000002,0.6438999999999987,-0.12462591569305237,False,False,tsm_pressure_zone
51,ETHUSDT,long,2022-02-10T00:00:00+00:00,2022-02-11T00:00:00+00:00,3243.42,2990.53,2990.53,3744.4,0.01,1,stop,-2.528899999999999,-2.5631867249999987,0.034286725000000004,0.01630000000000109,0.0,-3.6992000000000007,0.39539999999999964,-0.07902728370053827,False,False,tsm_pressure_zone
52,ETHUSDT,short,2022-02-24T00:00:00+00:00,2022-02-24T00:00:00+00:00,2576.73,2758.28,2758.28,2217.51,0.01,0,stop_entry_bar,-1.815500000000002,-1.8448425550000018,0.029342555000000003,0.012899999999999636,0.0,-2.0059999999999993,2.7801000000000022,-0.0715962694966101,True,False,tsm_pressure_zone
53,ETHUSDT,short,2022-02-28T00:00:00+00:00,2022-02-28T00:00:00+00:00,2614.68,2882.29,2882.29,2083.39,0.01,0,stop_entry_bar,-2.6761000000000013,-2.7063333350000014,0.030233335,0.013099999999999454,0.0,-3.5132000000000017,0.49679999999999835,-0.10350533659950746,True,False,tsm_pressure_zone
54,ETHUSDT,short,2022-04-18T00:00:00+00:00,2022-04-19T00:00:00+00:00,2984.52,3090.31,3090.31,2777.47,0.01,1,stop,-1.0578999999999996,-1.0913115649999996,0.033411565000000004,0.015,0.0,-1.4490999999999985,1.086500000000001,-0.036565731340383024,False,False,tsm_pressure_zone
55,ETHUSDT,short,2022-04-22T00:00:00+00:00,2022-05-07T00:00:00+00:00,2979.81,2583.29,3180.32,2583.29,0.01,15,target,3.9652,3.93460295,0.03059705,0.015,0.0,-0.6319000000000006,3.979200000000001,0.13204207483027441,False,False,tsm_pressure_zone
56,ETHUSDT,short,2022-06-17T00:00:00+00:00,2022-06-26T00:00:00+00:00,1067.23,1269.03,1269.03,665.26,0.01,9,stop,-2.018,-2.03084943,0.01284943,0.005399999999999636,0.0,-2.1277,1.8919000000000006,-0.19029163629208323,False,False,tsm_pressure_zone
57,ETHUSDT,short,2022-06-27T00:00:00+00:00,2022-06-30T00:00:00+00:00,1196.6,1031.37,1280.13,1031.37,0.01,3,target,1.6523000000000003,1.6400461650000002,0.012253835,0.0060000000000013645,0.0,-0.43060000000000176,2.015999999999999,0.1370588471502591,False,False,tsm_pressure_zone
58,ETHUSDT,long,2022-07-22T00:00:00+00:00,2022-07-25T00:00:00+00:00,1576.17,1462.15,1462.15,1801.86,0.01,3,stop,-1.1401999999999999,-1.15691076,0.01671076,0.007899999999999636,0.0,-1.4297000000000002,0.8873000000000002,-0.07340012562096727,False,False,tsm_pressure_zone
59,ETHUSDT,long,2022-07-28T00:00:00+00:00,2022-08-17T00:00:00+00:00,1636.28,1875.79,1354.86,2196.62,0.01,20,max_hold,2.3951,2.3757836149999996,0.019316385,0.008199999999999364,0.0,-0.7848000000000002,3.9372000000000003,0.14519419750898377,False,False,tsm_pressure_zone
60,ETHUSDT,long,2022-08-24T00:00:00+00:00,2022-08-26T00:00:00+00:00,1665.03,1527.85,1527.85,1936.88,0.01,2,stop,-1.3718000000000006,-1.3893608400000006,0.01756084,0.008399999999999182,0.0,-1.8002999999999998,0.5697000000000003,-0.08344359200735124,False,False,tsm_pressure_zone
61,ETHUSDT,short,2022-09-03T00:00:00+00:00,2022-09-06T00:00:00+00:00,1573.7,1649.8,1649.8,1423.86,0.01,3,stop,-0.7609999999999991,-0.7787292499999992,0.017729250000000002,0.007899999999999636,0.0,-1.1304999999999996,0.41100000000000136,-0.04948397089661302,False,False,tsm_pressure_zone
62,ETHUSDT,long,2022-09-08T00:00:00+00:00,2022-09-15T00:00:00+00:00,1630.18,1486.01,1486.01,1916.03,0.01,7,stop,-1.4417000000000006,-1.4588390450000006,0.017139045,0.008200000000001637,0.0,-1.7518000000000007,1.5879999999999996,-0.08948944564403935,False,False,tsm_pressure_zone
63,ETHUSDT,short,2022-09-22T00:00:00+00:00,2022-10-12T00:00:00+00:00,1243.57,1279.67,1420.14,892.29,0.01,20,max_hold,-0.3610000000000014,-0.37487782000000136,0.013877820000000003,0.006300000000001091,0.0,-1.5643000000000007,0.07970000000000027,-0.03014529298712589,False,False,tsm_pressure_zone
64,ETHUSDT,short,2022-10-14T00:00:00+00:00,2022-10-14T00:00:00+00:00,1285.73,1306.73,1306.73,1245.68,0.01,0,stop_entry_bar,-0.21,-0.22425852999999998,0.014258530000000002,0.0065000000000009096,0.0,-0.5762999999999988,0.029900000000000093,-0.017442116929681967,True,False,tsm_pressure_zone
65,ETHUSDT,short,2022-10-16T00:00:00+00:00,2022-10-23T00:00:00+00:00,1273.48,1343.49,1343.49,1135.4,0.01,7,stop,-0.7001,-0.7144933349999999,0.014393335000000002,0.006399999999998727,0.0,-0.9751999999999998,0.2548000000000002,-0.05610557959292646,False,False,tsm_pressure_zone
66,ETHUSDT,short,2022-11-17T00:00:00+00:00,2022-11-30T00:00:00+00:00,1215.11,1292.13,1292.13,1063.08,0.01,13,stop,-0.7702000000000021,-0.7839898200000021,0.013789820000000001,0.006100000000001274,0.0,-0.9788000000000011,1.4358999999999993,-0.0645200697879206,False,False,tsm_pressure_zone
67,ETHUSDT,short,2022-12-04T00:00:00+00:00,2022-12-13T00:00:00+00:00,1239.14,1312.13,1312.13,1095.02,0.01,9,stop,-0.7299000000000001,-0.7439319850000001,0.014031985000000002,0.006199999999998909,0.0,-1.108599999999999,0.22120000000000117,-0.06003615289636361,False,False,tsm_pressure_zone
68,ETHUSDT,long,2022-12-14T00:00:00+00:00,2022-12-16T00:00:00+00:00,1321.72,1238.38,1238.38,1486.43,0.01,2,stop,-0.8333999999999993,-0.8474805499999992,0.01408055,0.006700000000000728,0.0,-1.6702,0.32680000000000065,-0.06411952228913834,False,False,tsm_pressure_zone
69,ETHUSDT,short,2022-12-20T00:00:00+00:00,2022-12-20T00:00:00+00:00,1166.62,1196.12,1196.12,1109.39,0.01,0,stop_entry_bar,-0.295,-0.30799507,0.012995070000000001,0.005900000000001455,0.0,-0.6538000000000012,0.04119999999999891,-0.026400633453909583,True,False,tsm_pressure_zone
70,ETHUSDT,short,2022-12-26T00:00:00+00:00,2022-12-28T00:00:00+00:00,1217.36,1185.13,1234.37,1185.13,0.01,2,target,0.3222999999999979,0.3090863049999979,0.013213695000000001,0.006100000000001274,0.0,-0.16610000000000127,0.398599999999999,0.02538988507918758,False,False,tsm_pressure_zone
71,ETHUSDT,short,2023-01-01T00:00:00+00:00,2023-01-02T00:00:00+00:00,1195.5,1209.12,1209.12,1170.06,0.01,1,stop,-0.1361999999999989,-0.1494254099999989,0.01322541,0.00599999999999909,0.0,-0.295,0.04700000000000046,-0.012498988707653608,False,False,tsm_pressure_zone
72,ETHUSDT,long,2023-01-30T00:00:00+00:00,2023-01-30T00:00:00+00:00,1646.5,1550.94,1550.94,1835.12,0.01,0,stop_entry_bar,-0.9555999999999994,-0.9731859199999995,0.017585920000000005,0.008299999999999273,0.0,-1.1746000000000003,0.01990000000000009,-0.05910634193744303,True,False,tsm_pressure_zone
73,ETHUSDT,long,2023-02-02T00:00:00+00:00,2023-02-09T00:00:00+00:00,1642.64,1528.89,1528.89,1867.63,0.01,7,stop,-1.1375,-1.154943415,0.017443415000000004,0.008300000000001546,0.0,-1.206400000000001,0.743599999999999,-0.07031019669556324,False,False,tsm_pressure_zone
74,ETHUSDT,long,2023-02-15T00:00:00+00:00,2023-03-07T00:00:00+00:00,1555.72,1565.17,1459.85,1745.11,0.01,20,max_hold,0.09450000000000046,0.07733510500000046,0.017164895,0.007799999999999727,0.0,-0.31720000000000026,1.8877999999999997,0.004971016956778884,False,False,tsm_pressure_zone
75,ETHUSDT,short,2023-03-08T00:00:00+00:00,2023-03-09T00:00:00+00:00,1560.51,1507.39,1588.24,1507.39,0.01,1,target,0.5311999999999989,0.5143265499999989,0.01687345,0.007899999999999636,0.0,-0.0949000000000001,1.5771000000000004,0.03295887562399465,False,False,tsm_pressure_zone
76,ETHUSDT,long,2023-03-24T00:00:00+00:00,2023-03-27T00:00:00+00:00,1814.17,1708.83,1708.83,2022.15,0.01,3,stop,-1.0534000000000014,-1.0727765000000014,0.0193765,0.00910000000000082,0.0,-1.3017000000000007,0.04,-0.05913318487242107,False,False,tsm_pressure_zone
77,ETHUSDT,long,2023-04-10T00:00:00+00:00,2023-04-11T00:00:00+00:00,1858.77,1933.26,1820.13,1933.26,0.01,1,target,0.7449000000000001,0.7240438350000001,0.020856165000000003,0.009300000000000638,0.0,-0.13730000000000017,0.7923000000000002,0.03895284704401298,False,False,tsm_pressure_zone
78,ETHUSDT,long,2023-04-19T00:00:00+00:00,2023-04-19T00:00:00+00:00,2104.35,2047.44,2047.44,2215.0,0.01,0,stop_entry_bar,-0.5690999999999986,-0.5919348449999986,0.022834845,0.010599999999999455,0.0,-1.833499999999999,0.002600000000002183,-0.028129106137286985,True,False,tsm_pressure_zone
79,ETHUSDT,long,2023-04-26T00:00:00+00:00,2023-04-26T00:00:00+00:00,1866.34,1797.8,1797.8,2000.6,0.01,0,stop_entry_bar,-0.6853999999999997,-0.7055527699999997,0.02015277,0.009399999999998273,0.0,-0.8430999999999995,0.9836000000000013,-0.03780408553639743,True,False,tsm_pressure_zone
80,ETHUSDT,short,2023-05-18T00:00:00+00:00,2023-05-23T00:00:00+00:00,1820.73,1848.18,1848.18,1768.58,0.01,5,stop,-0.27450000000000047,-0.29467900500000044,0.020179005,0.009200000000000728,0.0,-0.535,0.5073000000000002,-0.01618466247054755,False,False,tsm_pressure_zone
81,ETHUSDT,long,2023-06-03T00:00:00+00:00,2023-06-05T00:00:00+00:00,1906.55,1837.76,1837.76,2041.23,0.01,2,stop,-0.6878999999999996,-0.7084937049999996,0.020593705000000004,0.009600000000000363,0.0,-1.3154999999999997,0.07980000000000019,-0.03716103459127742,False,False,tsm_pressure_zone
82,ETHUSDT,short,2023-06-08T00:00:00+00:00,2023-06-14T00:00:00+00:00,1830.4,1697.55,1898.19,1697.55,0.01,6,target,1.3285000000000013,1.3090962750000013,0.019403725000000004,0.009199999999998454,0.0,-0.31009999999999993,2.049000000000001,0.07151968285620636,False,False,tsm_pressure_zone
83,ETHUSDT,short,2023-06-19T00:00:00+00:00,2023-06-20T00:00:00+00:00,1719.13,1775.18,1775.18,1609.62,0.01,1,stop,-0.5604999999999996,-0.5797187049999996,0.019218705000000003,0.008599999999998999,0.0,-0.7770999999999981,0.29840000000000144,-0.03372163274446956,False,False,tsm_pressure_zone
84,ETHUSDT,long,2023-06-26T00:00:00+00:00,2023-06-26T00:00:00+00:00,1899.21,1859.77,1859.77,1975.26,0.01,0,stop_entry_bar,-0.39440000000000053,-0.4150743900000005,0.02067439,0.009500000000000454,0.0,-0.6321000000000003,0.101099999999999,-0.02185510765002293,True,False,tsm_pressure_zone
85,ETHUSDT,long,2023-07-01T00:00:00+00:00,2023-07-21T00:00:00+00:00,1934.39,1890.56,1811.71,2176.81,0.01,20,max_hold,-0.4383000000000016,-0.45933722500000157,0.021037225,0.009700000000000273,0.0,-1.106500000000001,0.9688999999999988,-0.023745843650970152,False,False,tsm_pressure_zone
86,ETHUSDT,short,2023-07-23T00:00:00+00:00,2023-08-12T00:00:00+00:00,1864.66,1848.04,1929.0,1738.79,0.01,20,max_hold,0.16620000000000118,0.14578015000000116,0.020419850000000003,0.009399999999998273,0.0,-0.39909999999999857,0.6466000000000008,0.007818055302307184,False,False,tsm_pressure_zone
87,ETHUSDT,short,2023-08-14T00:00:00+00:00,2023-08-16T00:00:00+00:00,1839.16,1796.04,1862.12,1796.04,0.01,2,target,0.4312000000000012,0.4112064000000012,0.0199936,0.009299999999998363,0.0,-0.16699999999999818,0.4805000000000018,0.022358381000021813,False,False,tsm_pressure_zone
88,ETHUSDT,short,2023-08-22T00:00:00+00:00,2023-08-22T00:00:00+00:00,1665.96,1607.75,1696.31,1607.75,0.01,0,target_entry_bar,0.5821000000000004,0.5640945950000004,0.018005405000000002,0.008399999999999182,0.0,-0.026099999999999,0.9096000000000004,0.033860032353718,True,False,tsm_pressure_zone
89,ETHUSDT,short,2023-09-01T00:00:00+00:00,2023-09-21T00:00:00+00:00,1644.43,1621.6,1747.32,1441.16,0.01,20,max_hold,0.22830000000000156,0.21033683500000155,0.017963165000000003,0.008299999999999273,0.0,-0.35569999999999935,1.1582000000000017,0.012790865831929697,False,False,tsm_pressure_zone
90,ETHUSDT,short,2023-09-25T00:00:00+00:00,2023-09-27T00:00:00+00:00,1579.2,1602.44,1602.44,1535.09,0.01,2,stop,-0.2324000000000001,-0.2498990200000001,0.017499020000000004,0.007899999999999636,0.0,-0.5477999999999997,0.17200000000000046,-0.0158244060283688,False,False,tsm_pressure_zone
91,ETHUSDT,short,2023-10-08T00:00:00+00:00,2023-10-09T00:00:00+00:00,1632.35,1570.01,1664.77,1570.01,0.01,1,target,0.6233999999999992,0.6057870199999992,0.01761298,0.008200000000001637,0.0,-0.08550000000000182,0.8804999999999996,0.03711134376818692,False,False,tsm_pressure_zone
92,ETHUSDT,long,2023-10-27T00:00:00+00:00,2023-10-27T00:00:00+00:00,1804.22,1755.1,1755.1,1899.69,0.01,0,stop_entry_bar,-0.4912000000000012,-0.5107762600000012,0.01957626,0.00910000000000082,0.0,-0.6872000000000003,0.0,-0.02831008746161783,True,False,tsm_pressure_zone
93,ETHUSDT,long,2023-10-30T00:00:00+00:00,2023-11-06T00:00:00+00:00,1796.38,1915.82,1735.33,1915.82,0.01,7,target,1.1943999999999984,1.1739828999999984,0.020417100000000004,0.00900000000000091,0.0,-0.2102000000000021,1.2041999999999984,0.06535270377091697,False,False,tsm_pressure_zone
94,ETHUSDT,long,2023-11-09T00:00:00+00:00,2023-11-09T00:00:00+00:00,1889.37,1965.43,1849.91,1965.43,0.01,0,target_entry_bar,0.7606000000000017,0.7393986000000017,0.021201400000000002,0.009499999999998182,0.0,-0.07579999999999927,2.449300000000003,0.03913466393559767,True,False,tsm_pressure_zone
95,ETHUSDT,long,2023-11-14T00:00:00+00:00,2023-11-14T00:00:00+00:00,2056.21,2011.3,2011.3,2142.94,0.01,0,stop_entry_bar,-0.44910000000000083,-0.47147130500000084,0.022371305,0.010300000000002,0.0,-1.3621000000000003,0.10179999999999836,-0.022929141721905875,True,False,tsm_pressure_zone
96,ETHUSDT,long,2023-11-19T00:00:00+00:00,2023-11-22T00:00:00+00:00,1964.18,2082.33,1903.62,2082.33,0.01,3,target,1.1814999999999987,1.1592441949999988,0.022255805,0.009900000000000091,0.0,-0.35440000000000055,1.2960000000000014,0.05901924441751768,False,False,tsm_pressure_zone
97,ETHUSDT,long,2023-12-01T00:00:00+00:00,2023-12-02T00:00:00+00:00,2052.8,2165.98,1994.65,2165.98,0.01,1,target,1.1317999999999984,1.1085967099999983,0.02320329,0.010300000000002,0.0,-0.08450000000000273,1.471899999999996,0.054004126558846365,False,False,tsm_pressure_zone
98,ETHUSDT,long,2023-12-08T00:00:00+00:00,2023-12-11T00:00:00+00:00,2358.23,2185.78,2185.78,2699.56,0.01,3,stop,-1.7244999999999981,-1.7494920549999982,0.024992055000000003,0.011799999999998364,0.0,-2.435999999999999,0.49400000000000094,-0.07418665927411652,False,False,tsm_pressure_zone
99,ETHUSDT,long,2023-12-14T00:00:00+00:00,2024-01-03T00:00:00+00:00,2262.59,2356.92,2114.42,2555.48,0.01,20,max_hold,0.9432999999999993,0.9178926949999993,0.025407305000000005,0.011400000000003274,0.0,-1.954300000000003,1.9292999999999985,0.040568229109118274,False,False,tsm_pressure_zone
100,ETHUSDT,long,2024-01-06T00:00:00+00:00,2024-01-11T00:00:00+00:00,2270.06,2672.88,2066.95,2672.88,0.01,5,target,4.028200000000002,4.0010138300000015,0.027186170000000003,0.011399999999998727,0.0,-1.0463000000000011,4.218400000000002,0.17625145723020544,False,False,tsm_pressure_zone
101,ETHUSDT,short,2024-01-29T00:00:00+00:00,2024-01-29T00:00:00+00:00,2254.87,2308.23,2308.23,2151.54,0.01,0,stop_entry_bar,-0.5336000000000013,-0.5586970500000012,0.025097050000000003,0.011300000000001092,0.0,-0.6766000000000031,0.2286999999999989,-0.024777350800711404,True,False,tsm_pressure_zone
102,ETHUSDT,long,2024-01-30T00:00:00+00:00,2024-02-09T00:00:00+00:00,2317.69,2486.01,2231.78,2486.01,0.01,10,target,1.6832000000000016,1.6567796500000016,0.026420350000000002,0.011599999999998546,0.0,-0.8069000000000006,2.109699999999998,0.07148409191910918,False,False,tsm_pressure_zone
103,ETHUSDT,long,2024-02-19T00:00:00+00:00,2024-02-27T00:00:00+00:00,2885.01,3214.58,2718.08,3214.58,0.01,8,target,3.295699999999997,3.262152254999997,0.033547745000000004,0.01450000000000273,0.0,-0.2861000000000013,4.1056,0.11307247652521124,False,False,tsm_pressure_zone
104,ETHUSDT,long,2024-03-05T00:00:00+00:00,2024-03-05T00:00:00+00:00,3631.54,3355.54,3355.54,4178.07,0.01,0,stop_entry_bar,-2.7600000000000002,-2.7984289400000004,0.03842894000000001,0.01820000000000164,0.0,-4.2654,1.9638999999999989,-0.07705901463291055,True,False,tsm_pressure_zone
105,ETHUSDT,long,2024-03-12T00:00:00+00:00,2024-03-15T00:00:00+00:00,4072.56,3718.63,3718.63,4774.3,0.01,3,stop,-3.5392999999999986,-3.5821515449999985,0.042851545000000005,0.020399999999999637,0.0,-5.0656,0.2608000000000038,-0.08795822639813775,False,False,tsm_pressure_zone
106,ETHUSDT,long,2024-03-25T00:00:00+00:00,2024-04-02T00:00:00+00:00,3458.89,3249.77,3249.77,3871.93,0.01,8,stop,-2.091199999999999,-2.1280976299999987,0.03689763,0.017300000000000183,0.0,-2.4688999999999988,2.2555999999999994,-0.06152544978302284,False,False,tsm_pressure_zone
107,ETHUSDT,short,2024-04-06T00:00:00+00:00,2024-04-07T00:00:00+00:00,3318.0,3446.82,3446.82,3065.33,0.01,1,stop,-1.2882000000000016,-1.3254065100000016,0.037206510000000005,0.016599999999998546,0.0,-1.4419000000000006,0.1,-0.039945946654611264,False,False,tsm_pressure_zone
108,ETHUSDT,long,2024-04-11T00:00:00+00:00,2024-04-12T00:00:00+00:00,3549.42,3406.99,3406.99,3828.94,0.01,1,stop,-1.424300000000003,-1.462560255000003,0.038260255,0.017800000000002,0.0,-4.873800000000001,0.7231999999999971,-0.041205612607130265,False,False,tsm_pressure_zone
109,ETHUSDT,short,2024-04-13T00:00:00+00:00,2024-05-03T00:00:00+00:00,3236.69,2984.8,3622.1,2470.7,0.01,20,max_hold,2.5188999999999986,2.4846818049999984,0.03421819500000001,0.01619999999999891,0.0,-1.29,4.450799999999999,0.0767661346931587,False,False,tsm_pressure_zone
110,ETHUSDT,short,2024-05-07T00:00:00+00:00,2024-05-20T00:00:00+00:00,3059.96,3222.27,3222.27,2739.96,0.01,13,stop,-1.6230999999999995,-1.6576522649999996,0.034552265000000006,0.015399999999999636,0.0,-6.389000000000001,2.0182000000000015,-0.054172350782363154,False,False,tsm_pressure_zone
111,ETHUSDT,long,2024-05-24T00:00:00+00:00,2024-06-11T00:00:00+00:00,3786.69,3524.2,3524.2,4306.0,0.01,18,stop,-2.6249000000000025,-2.6651098950000023,0.040209895,0.01900000000000091,0.0,-3.595999999999999,1.9330999999999996,-0.07038098959777542,False,False,tsm_pressure_zone
112,ETHUSDT,long,2024-06-20T00:00:00+00:00,2024-06-24T00:00:00+00:00,3560.62,3341.52,3341.52,3993.52,0.01,4,stop,-2.190999999999999,-2.228961769999999,0.037961770000000006,0.017799999999997453,0.0,-3.476199999999999,0.6438000000000011,-0.06260038336020128,False,False,tsm_pressure_zone
113,ETHUSDT,short,2024-06-27T00:00:00+00:00,2024-06-27T00:00:00+00:00,3369.09,3435.09,3435.09,3242.09,0.01,0,stop_entry_bar,-0.66,-0.6974229900000001,0.03742299,0.016900000000000547,0.0,-1.0750999999999977,0.08870000000000346,-0.020700633999091746,True,False,tsm_pressure_zone
114,ETHUSDT,short,2024-07-03T00:00:00+00:00,2024-07-04T00:00:00+00:00,3418.71,3212.27,3524.51,3212.27,0.01,1,target,2.0644000000000005,2.0279296100000006,0.036470390000000005,0.017199999999997998,0.0,-0.12650000000000092,3.693200000000002,0.059318561972205905,False,False,tsm_pressure_zone
115,ETHUSDT,short,2024-07-08T00:00:00+00:00,2024-07-09T00:00:00+00:00,2928.76,3108.59,3108.59,2573.54,0.01,1,stop,-1.7982999999999993,-1.8315054249999994,0.03320542500000001,0.014699999999998,0.0,-1.8703999999999996,1.075,-0.06253518297846185,False,False,tsm_pressure_zone
116,ETHUSDT,short,2024-07-12T00:00:00+00:00,2024-07-14T00:00:00+00:00,3096.69,3216.92,3216.92,2860.91,0.01,2,stop,-1.2023000000000001,-1.2370248550000003,0.034724855000000006,0.015499999999997271,0.0,-1.719699999999998,0.5217999999999984,-0.03994668032641305,False,False,tsm_pressure_zone
117,ETHUSDT,long,2024-07-19T00:00:00+00:00,2024-07-24T00:00:00+00:00,3426.71,3344.67,3344.67,3585.64,0.01,5,stop,-0.8203999999999997,-0.8576425899999996,0.037242590000000006,0.017200000000002547,0.0,-1.4102,1.356199999999999,-0.025028163748902,False,False,tsm_pressure_zone
118,ETHUSDT,short,2024-08-01T00:00:00+00:00,2024-08-03T00:00:00+00:00,3229.87,2901.62,3396.41,2901.62,0.01,2,target,3.2825,3.2487768050000003,0.033723195,0.01619999999999891,0.0,-0.11960000000000037,3.748699999999999,0.10058537355992658,False,False,tsm_pressure_zone
119,ETHUSDT,short,2024-08-15T00:00:00+00:00,2024-08-23T00:00:00+00:00,2658.49,2789.16,2789.16,2401.14,0.01,8,stop,-1.3067000000000009,-1.336662075000001,0.029962074999999998,0.013300000000003821,0.0,-1.4039000000000033,1.448399999999997,-0.050278995783320644,False,False,tsm_pressure_zone
120,ETHUSDT,short,2024-08-26T00:00:00+00:00,2024-08-27T00:00:00+00:00,2743.1,2594.15,2819.63,2594.15,0.01,1,target,1.4894999999999983,1.4601451249999982,0.029354875000000002,0.013800000000001091,0.0,-0.17869999999999892,3.5509999999999993,0.05322974463198564,False,False,tsm_pressure_zone
121,ETHUSDT,short,2024-08-31T00:00:00+00:00,2024-09-04T00:00:00+00:00,2523.72,2386.45,2594.26,2386.45,0.01,4,target,1.3726999999999998,1.3456940649999998,0.027005935000000002,0.012699999999999819,0.0,-0.40769999999999984,2.188499999999999,0.053321844935254305,False,False,tsm_pressure_zone
122,ETHUSDT,long,2024-09-24T00:00:00+00:00,2024-10-01T00:00:00+00:00,2647.17,2522.32,2522.32,2892.88,0.01,7,stop,-1.248499999999999,-1.276932194999999,0.028432195000000004,0.013299999999999272,0.0,-2.3476999999999997,0.8048999999999978,-0.04823763471934175,False,False,tsm_pressure_zone
123,ETHUSDT,short,2024-10-10T00:00:00+00:00,2024-10-14T00:00:00+00:00,2368.41,2520.5,2520.5,2067.8,0.01,4,stop,-1.5209000000000015,-1.5477890050000014,0.026889005,0.011900000000000546,0.0,-2.850300000000002,0.389699999999998,-0.065351396295405,False,False,tsm_pressure_zone
124,ETHUSDT,long,2024-10-19T00:00:00+00:00,2024-10-23T00:00:00+00:00,2642.44,2573.47,2573.47,2776.38,0.01,4,stop,-0.6897000000000025,-0.7183875050000026,0.028687505000000002,0.013299999999999272,0.0,-1.9942999999999984,1.2755999999999994,-0.027186520980608926,False,False,tsm_pressure_zone
125,ETHUSDT,short,2024-11-01T00:00:00+00:00,2024-11-06T00:00:00+00:00,2517.11,2724.92,2724.92,2105.27,0.01,5,stop,-2.0780999999999996,-2.1069311649999998,0.028831165000000006,0.012599999999997636,0.0,-2.2890999999999986,1.6111000000000013,-0.08370437386526611,False,False,tsm_pressure_zone
126,ETHUSDT,long,2024-11-19T00:00:00+00:00,2024-11-20T00:00:00+00:00,3212.09,3034.7,3034.7,3562.05,0.01,1,stop,-1.7739000000000034,-1.8082573450000035,0.034357345,0.016100000000001273,0.0,-1.8159000000000014,0.12739999999999782,-0.05629535115765758,False,False,tsm_pressure_zone
127,ETHUSDT,long,2024-11-22T00:00:00+00:00,2024-12-06T00:00:00+00:00,3360.37,4014.87,3030.2,4014.87,0.01,14,target,6.545,6.50443618,0.04056382,0.016799999999998365,0.0,-1.0617999999999983,7.3246,0.19356309513535713,False,False,tsm_pressure_zone
128,ETHUSDT,long,2024-12-12T00:00:00+00:00,2024-12-19T00:00:00+00:00,3832.36,3474.650000000001,3474.65,4542.01,0.01,7,stop,-3.5771000000000006,-3.6172885550000005,0.040188555,0.019200000000000727,0.0,-5.101600000000003,2.7762999999999964,-0.09438801560918078,False,False,tsm_pressure_zone
129,ETHUSDT,short,2024-12-27T00:00:00+00:00,2025-01-03T00:00:00+00:00,3331.48,3547.360000000001,3547.36,2904.72,0.01,7,stop,-2.158800000000001,-2.196633620000001,0.037833620000000005,0.016700000000000728,0.0,-2.9852,0.292800000000002,-0.06593566883187055,False,False,tsm_pressure_zone
130,ETHUSDT,short,2025-01-13T00:00:00+00:00,2025-01-13T00:00:00+00:00,3264.06,3323.33,3323.33,3150.44,0.01,0,stop_entry_bar,-0.5926999999999998,-0.6289306449999997,0.036230645,0.016399999999998728,0.0,-0.7426000000000021,3.6405999999999996,-0.019268354288830468,True,True,tsm_pressure_zone
131,ETHUSDT,short,2025-01-23T00:00:00+00:00,2025-02-02T00:00:00+00:00,3240.36,2813.79,3456.11,2813.79,0.01,10,target,4.265700000000002,4.232402175000002,0.033297825,0.016299999999996543,0.0,-1.9602999999999975,5.043499999999999,0.1306151839610414,False,False,tsm_pressure_zone
132,ETHUSDT,short,2025-02-08T00:00:00+00:00,2025-02-23T00:00:00+00:00,2619.34,2857.72,2857.72,2146.55,0.01,15,stop,-2.383799999999997,-2.4139238299999968,0.03012383,0.013199999999997089,0.0,-2.4155999999999995,1.0122000000000027,-0.09215771262989901,False,False,tsm_pressure_zone
133,ETHUSDT,short,2025-03-08T00:00:00+00:00,2025-03-11T00:00:00+00:00,2139.64,1783.72,2319.22,1783.72,0.01,3,target,3.5591999999999984,3.5376215199999983,0.02157848,0.010799999999999272,0.0,-0.9476000000000022,3.8713999999999986,0.16533723056215055,False,False,tsm_pressure_zone
134,ETHUSDT,short,2025-03-17T00:00:00+00:00,2025-03-19T00:00:00+00:00,1885.01,1957.88,1957.88,1742.16,0.01,2,stop,-0.7287000000000012,-0.7498358950000013,0.021135895000000002,0.009500000000000454,0.0,-1.8468000000000007,0.1386999999999989,-0.03977888154439505,False,False,tsm_pressure_zone
135,ETHUSDT,short,2025-04-06T00:00:00+00:00,2025-04-06T00:00:00+00:00,1804.23,1725.14,1845.15,1725.14,0.01,0,target_entry_bar,0.7908999999999992,0.7714884649999991,0.019411535,0.00910000000000082,0.0,-0.12150000000000091,2.6896000000000004,0.04275998431463833,True,False,tsm_pressure_zone
136,ETHUSDT,short,2025-04-16T00:00:00+00:00,2025-04-22T00:00:00+00:00,1587.2,1691.74,1691.74,1380.52,0.01,6,stop,-1.0453999999999997,-1.0634341699999996,0.018034170000000002,0.007999999999999546,0.0,-1.9181999999999995,0.5220000000000005,-0.06700064075100803,False,False,tsm_pressure_zone
137,ETHUSDT,short,2025-04-28T00:00:00+00:00,2025-05-01T00:00:00+00:00,1789.32,1857.19,1857.19,1656.26,0.01,3,stop,-0.6787000000000012,-0.6987558050000012,0.020055805000000003,0.00900000000000091,0.0,-0.833900000000001,0.5872000000000003,-0.03905147234703693,False,False,tsm_pressure_zone
138,ETHUSDT,short,2025-05-04T00:00:00+00:00,2025-05-06T00:00:00+00:00,1831.63,1751.86,1872.9,1751.86,0.01,2,target,0.7977000000000021,0.7779908050000021,0.019709195000000002,0.009199999999998454,0.0,-0.17899999999999863,0.8163000000000011,0.04247532552971954,False,False,tsm_pressure_zone
139,ETHUSDT,short,2025-05-08T00:00:00+00:00,2025-05-08T00:00:00+00:00,1809.22,1850.19,1850.19,1730.05,0.01,0,stop_entry_bar,-0.4097000000000003,-0.4298267550000003,0.020126755000000003,0.00910000000000082,0.0,-4.1777999999999995,0.015,-0.023757572600347124,True,False,tsm_pressure_zone
140,ETHUSDT,long,2025-05-09T00:00:00+00:00,2025-05-29T00:00:00+00:00,2207.64,2680.4,1749.83,3119.97,0.01,20,max_hold,4.7276000000000025,4.700715780000002,0.02688422,0.011099999999996725,0.0,-0.24049999999999727,5.812400000000003,0.21292945317171288,False,False,tsm_pressure_zone
141,ETHUSDT,long,2025-06-02T00:00:00+00:00,2025-06-05T00:00:00+00:00,2539.16,2464.75,2464.75,2684.16,0.01,3,stop,-0.7440999999999985,-0.7716215049999986,0.027521505,0.012699999999999819,0.0,-1.4915999999999985,1.4048000000000003,-0.03038884926511124,False,False,tsm_pressure_zone
142,ETHUSDT,long,2025-06-16T00:00:00+00:00,2025-06-20T00:00:00+00:00,2547.6,2433.56,2433.56,2771.85,0.01,4,stop,-1.1403999999999996,-1.1677963799999995,0.027396379999999998,0.012799999999997454,0.0,-1.837199999999998,1.324000000000001,-0.045839079133301916,False,False,tsm_pressure_zone
143,ETHUSDT,short,2025-06-21T00:00:00+00:00,2025-07-02T00:00:00+00:00,2404.22,2568.82,2568.82,2078.63,0.01,11,stop,-1.6460000000000037,-1.6733517200000037,0.027351720000000003,0.012100000000000364,0.0,-2.1398,2.932199999999998,-0.06960060726555822,False,False,tsm_pressure_zone
144,ETHUSDT,long,2025-07-07T00:00:00+00:00,2025-07-09T00:00:00+00:00,2570.43,2761.77,2472.82,2761.77,0.01,2,target,1.9134000000000015,1.8840729000000016,0.029327100000000002,0.012899999999999636,0.0,-0.6505999999999995,2.253000000000002,0.07329796571001745,False,False,tsm_pressure_zone
145,ETHUSDT,long,2025-07-14T00:00:00+00:00,2025-07-15T00:00:00+00:00,2971.86,3106.09,2902.51,3106.09,0.01,1,target,1.3423000000000003,1.3088712750000002,0.033428725000000006,0.014900000000002364,0.0,-0.40870000000000345,1.7261999999999988,0.04404215794149119,False,False,tsm_pressure_zone
146,ETHUSDT,long,2025-07-25T00:00:00+00:00,2025-08-01T00:00:00+00:00,3708.08,3504.65,3504.65,4109.3,0.01,7,stop,-2.034299999999998,-2.0739700149999982,0.039670015,0.018600000000001275,0.0,-2.792199999999998,2.3273,-0.05593110221462315,False,False,tsm_pressure_zone
147,ETHUSDT,long,2025-08-13T00:00:00+00:00,2025-08-19T00:00:00+00:00,4591.61,4159.58,4159.58,5448.76,0.01,6,stop,-4.320299999999998,-4.368431544999998,0.048131545,0.022999999999992724,0.0,-5.266499999999996,2.0239000000000034,-0.09513942919803725,False,False,tsm_pressure_zone
148,ETHUSDT,long,2025-09-04T00:00:00+00:00,2025-09-22T00:00:00+00:00,4450.45,4205.07,4205.07,4934.52,0.01,18,stop,-2.453800000000001,-2.501405360000001,0.04760536,0.022299999999995636,0.0,-4.495699999999998,3.1755000000000018,-0.056205672684784706,False,False,tsm_pressure_zone
149,ETHUSDT,long,2025-10-02T00:00:00+00:00,2025-10-10T00:00:00+00:00,4348.03,4079.59,4079.59,4878.37,0.01,8,stop,-2.684399999999996,-2.730751909999996,0.04635191,0.021799999999993817,0.0,-9.480299999999998,4.059700000000003,-0.06280434840605967,False,False,tsm_pressure_zone
150,ETHUSDT,short,2025-10-22T00:00:00+00:00,2025-10-26T00:00:00+00:00,3869.17,4108.82,4108.82,3395.69,0.01,4,stop,-2.3964999999999965,-2.4403789449999964,0.043878945,0.019400000000000545,0.0,-3.1010000000000035,1.6286000000000014,-0.06307241462639264,False,False,tsm_pressure_zone
151,ETHUSDT,short,2025-10-29T00:00:00+00:00,2025-11-04T00:00:00+00:00,3975.57,3425.83,4253.43,3425.83,0.01,6,target,5.4974000000000025,5.456692300000003,0.040707700000000006,0.01989999999999782,0.0,-0.5941999999999962,9.205700000000002,0.13725559605289311,False,False,tsm_pressure_zone
152,ETHUSDT,short,2025-11-09T00:00:00+00:00,2025-11-09T00:00:00+00:00,3398.37,3490.35,3490.35,3219.51,0.01,0,stop_entry_bar,-0.9198000000000002,-0.9576879600000001,0.03788796,0.017100000000000365,0.0,-2.260300000000002,0.4163000000000011,-0.028180803149745325,True,False,tsm_pressure_zone
153,ETHUSDT,short,2025-11-12T00:00:00+00:00,2025-11-19T00:00:00+00:00,3414.62,2932.23,3658.37,2932.23,0.01,7,target,4.823899999999999,4.788992324999999,0.034907675,0.017100000000000365,0.0,-1.7261999999999988,5.416199999999999,0.1402496419806596,False,False,tsm_pressure_zone
154,ETHUSDT,short,2025-11-20T00:00:00+00:00,2025-11-21T00:00:00+00:00,3022.56,2625.19,3223.54,2625.19,0.01,1,target,3.973699999999999,3.942637374999999,0.031062625000000003,0.015199999999999818,0.0,-0.40440000000000054,4.0256,0.13044033451775974,False,False,tsm_pressure_zone
155,ETHUSDT,short,2025-11-30T00:00:00+00:00,2025-12-01T00:00:00+00:00,2986.46,2765.26,3099.31,2765.26,0.01,1,target,2.2119999999999984,2.1803655399999986,0.03163446,0.015,0.0,-0.6575,2.6838999999999986,0.07300836240900593,False,False,tsm_pressure_zone
156,ETHUSDT,short,2025-12-06T00:00:00+00:00,2025-12-09T00:00:00+00:00,3018.86,3239.590000000001,3239.59,2581.95,0.01,3,stop,-2.2073,-2.241721475,0.03442147500000001,0.015199999999999818,0.0,-3.7863999999999987,1.1511000000000013,-0.07425721878457431,False,False,tsm_pressure_zone
157,ETHUSDT,short,2025-12-12T00:00:00+00:00,2025-12-17T00:00:00+00:00,3234.16,2814.38,3446.46,2814.38,0.01,5,target,4.197799999999997,4.164533029999998,0.03326697000000001,0.016200000000003455,0.0,-0.30620000000000347,4.446399999999999,0.12876706872881977,False,False,tsm_pressure_zone
158,ETHUSDT,short,2025-12-19T00:00:00+00:00,2025-12-22T00:00:00+00:00,2825.9,3030.3,3030.3,2421.29,0.01,3,stop,-2.044000000000001,-2.076209100000001,0.032209100000000004,0.014200000000000728,0.0,-2.520899999999997,0.1975,-0.07347072083230126,False,False,tsm_pressure_zone
159,ETHUSDT,short,2025-12-24T00:00:00+00:00,2026-01-02T00:00:00+00:00,2961.8,3078.3,3078.3,2733.27,0.01,9,stop,-1.165,-1.19822055,0.03322055,0.014899999999997818,0.0,-1.871999999999998,0.7505000000000018,-0.040455822472820584,False,False,tsm_pressure_zone
160,ETHUSDT,long,2026-01-18T00:00:00+00:00,2026-01-19T00:00:00+00:00,3310.52,3251.09,3251.09,3424.42,0.01,1,stop,-0.5942999999999984,-0.6303888549999984,0.036088855,0.016599999999998546,0.0,-1.4551999999999998,0.5746000000000003,-0.01904198902287249,False,False,tsm_pressure_zone
161,ETHUSDT,short,2026-01-26T00:00:00+00:00,2026-01-27T00:00:00+00:00,2814.08,3020.75,3020.75,2404.97,0.01,1,stop,-2.066700000000001,-2.098791565000001,0.032091565,0.014099999999998544,0.0,-2.2090999999999985,0.033600000000001275,-0.07458180169007281,False,False,tsm_pressure_zone
162,ETHUSDT,short,2026-02-11T00:00:00+00:00,2026-03-03T00:00:00+00:00,2020.49,2026.69,2152.22,1760.1,0.01,20,max_hold,-0.06200000000000046,-0.08425949000000046,0.022259490000000003,0.010199999999999819,0.0,-1.2945999999999982,2.2449000000000003,-0.004170250285821779,False,False,tsm_pressure_zone
163,ETHUSDT,short,2026-03-04T00:00:00+00:00,2026-03-04T00:00:00+00:00,1980.85,2089.21,2089.21,1767.13,0.01,0,stop_entry_bar,-1.0836000000000012,-1.1059853300000013,0.022385330000000002,0.01,0.0,-2.186199999999999,0.37449999999999817,-0.055833875861372714,True,False,tsm_pressure_zone
164,ETHUSDT,short,2026-03-27T00:00:00+00:00,2026-04-07T00:00:00+00:00,2058.15,2200.33,2200.33,1776.85,0.01,11,stop,-1.4217999999999984,-1.4452216399999984,0.02342164,0.010299999999997454,0.0,-2.148499999999999,1.2161000000000013,-0.07021945144911684,False,False,tsm_pressure_zone
165,ETHUSDT,long,2026-04-11T00:00:00+00:00,2026-04-17T00:00:00+00:00,2245.04,2420.13,2155.78,2420.13,0.01,6,target,1.7509000000000015,1.7252415650000015,0.025658435,0.011300000000001092,0.0,-0.7203999999999996,2.1882000000000015,0.07684680740654962,False,False,tsm_pressure_zone
166,ETHUSDT,long,2026-04-18T00:00:00+00:00,2026-04-19T00:00:00+00:00,2418.86,2282.47,2282.47,2688.04,0.01,1,stop,-1.3639000000000032,-1.3897573150000033,0.025857315000000002,0.012100000000000364,0.0,-1.6795000000000027,0.07759999999999764,-0.05745505382700955,False,False,tsm_pressure_zone
